{"cameraMode":{"drawMode":0,"name":"Shaded","section":"Shading Mode"},"sceneLighting":false,"audioPlay":false,"sceneViewState":{"showFog":true,"showMaterialUpdate":false,"showSkybox":true,"showFlares":true,"showImageEffects":true,"showParticleSystems":true},"in2DMode":false,"pivot":{"x":-1.6429234743118287,"y":0.7306662201881409,"z":0.6890355348587036},"rotation":{"x":0.06433244794607163,"y":-0.9229812026023865,"z":0.17688800394535066,"w":0.3356749713420868},"size":6.870726585388184,"orthographic":false}