{"cameraMode":{"drawMode":0,"name":"Shaded","section":"Shading Mode"},"sceneLighting":true,"audioPlay":false,"sceneViewState":{"showFog":true,"showMaterialUpdate":false,"showSkybox":true,"showFlares":true,"showImageEffects":true,"showParticleSystems":true},"in2DMode":false,"pivot":{"x":-1.0846405029296876,"y":-0.4453953504562378,"z":4.047565937042236},"rotation":{"x":-0.12289756536483765,"y":0.04077380150556564,"z":-0.005053923465311527,"w":-0.9915685653686523},"size":5.791254043579102,"orthographic":false}