{"cameraMode":{"drawMode":0,"name":"Shaded","section":"Shading Mode"},"sceneLighting":false,"audioPlay":false,"sceneViewState":{"showFog":true,"showMaterialUpdate":false,"showSkybox":true,"showFlares":true,"showImageEffects":true,"showParticleSystems":true},"in2DMode":false,"pivot":{"x":-23.75797462463379,"y":-7.433061599731445,"z":53.87836837768555},"rotation":{"x":0.13684813678264619,"y":-0.5006268620491028,"z":0.08050862699747086,"w":0.8509780764579773},"size":27.139535903930665,"orthographic":false}