{"cameraMode":{"drawMode":0,"name":"Shaded","section":"Shading Mode"},"sceneLighting":false,"audioPlay":false,"sceneViewState":{"showFog":true,"showMaterialUpdate":false,"showSkybox":true,"showFlares":true,"showImageEffects":true,"showParticleSystems":true},"in2DMode":false,"pivot":{"x":-0.27037277817726138,"y":2.192141532897949,"z":40.33628845214844},"rotation":{"x":0.002655272837728262,"y":0.9973428845405579,"z":0.05049329623579979,"w":-0.052446119487285617},"size":2.107520818710327,"orthographic":false}