{"cameraMode":{"drawMode":0,"name":"Shaded","section":"Shading Mode"},"sceneLighting":false,"audioPlay":false,"sceneViewState":{"showFog":true,"showMaterialUpdate":false,"showSkybox":true,"showFlares":true,"showImageEffects":true,"showParticleSystems":true},"in2DMode":false,"pivot":{"x":-2.5609564781188967,"y":-0.5489668846130371,"z":45.41876983642578},"rotation":{"x":-0.10802988708019257,"y":-0.05848841741681099,"z":0.006365898065268993,"w":-0.9924052953720093},"size":1.746738314628601,"orthographic":false}