{"cameraMode":{"drawMode":0,"name":"Shaded","section":"Shading Mode"},"sceneLighting":false,"audioPlay":false,"sceneViewState":{"showFog":true,"showMaterialUpdate":false,"showSkybox":true,"showFlares":true,"showImageEffects":true,"showParticleSystems":true},"in2DMode":false,"pivot":{"x":-18.665433883666993,"y":1.1100420951843262,"z":34.64222717285156},"rotation":{"x":-0.0015388918109238148,"y":-0.982636034488678,"z":0.1853581964969635,"w":-0.008154812268912793},"size":6.465802192687988,"orthographic":false}