{"cameraMode":{"drawMode":0,"name":"Shaded","section":"Shading Mode"},"sceneLighting":false,"audioPlay":false,"sceneViewState":{"showFog":true,"showMaterialUpdate":false,"showSkybox":false,"showFlares":true,"showImageEffects":true,"showParticleSystems":true},"in2DMode":false,"pivot":{"x":-3.7765519618988039,"y":-1.235077142715454,"z":11.079388618469239},"rotation":{"x":-0.024942224845290185,"y":-0.5067715048789978,"z":0.014669397845864296,"w":-0.8615946173667908},"size":3.506504535675049,"orthographic":false}