{"cameraMode":{"drawMode":0,"name":"Shaded","section":"Shading Mode"},"sceneLighting":false,"audioPlay":false,"sceneViewState":{"showFog":true,"showMaterialUpdate":false,"showSkybox":true,"showFlares":true,"showImageEffects":true,"showParticleSystems":true},"in2DMode":false,"pivot":{"x":-1.6752893924713135,"y":1.1344470977783204,"z":-1.719616413116455},"rotation":{"x":0.001088568358682096,"y":-0.9974668622016907,"z":0.0693785697221756,"w":0.01566176861524582},"size":6.465802192687988,"orthographic":false}