{"cameraMode":{"drawMode":0,"name":"Shaded","section":"Shading Mode"},"sceneLighting":false,"audioPlay":false,"sceneViewState":{"showFog":true,"showMaterialUpdate":false,"showSkybox":true,"showFlares":true,"showImageEffects":true,"showParticleSystems":true},"in2DMode":false,"pivot":{"x":-1.1089298725128174,"y":-0.7711491584777832,"z":48.64327621459961},"rotation":{"x":0.1625385731458664,"y":-0.2040969282388687,"z":0.03438530117273331,"w":0.9647504687309265},"size":8.864659309387207,"orthographic":false}