{"cameraMode":{"drawMode":0,"name":"Shaded","section":"Shading Mode"},"sceneLighting":false,"audioPlay":false,"sceneViewState":{"showFog":true,"showMaterialUpdate":false,"showSkybox":true,"showFlares":true,"showImageEffects":true,"showParticleSystems":true},"in2DMode":false,"pivot":{"x":0.9310855269432068,"y":1.889443278312683,"z":24.136104583740236},"rotation":{"x":0.020482320338487626,"y":-0.09737645089626312,"z":-0.002003849484026432,"w":-0.9950348138809204},"size":10.605315208435059,"orthographic":false}