{"cameraMode":{"drawMode":0,"name":"Shaded","section":"Shading Mode"},"sceneLighting":false,"audioPlay":false,"sceneViewState":{"showFog":true,"showMaterialUpdate":false,"showSkybox":true,"showFlares":true,"showImageEffects":true,"showParticleSystems":true},"in2DMode":false,"pivot":{"x":-4.903491973876953,"y":-0.25165557861328127,"z":42.72755432128906},"rotation":{"x":0.07595118880271912,"y":-0.6982869505882263,"z":0.0749276652932167,"w":0.7078225016593933},"size":3.4613287448883058,"orthographic":false}