{"cameraMode":{"drawMode":0,"name":"Shaded","section":"Shading Mode"},"sceneLighting":false,"audioPlay":false,"sceneViewState":{"showFog":true,"showMaterialUpdate":false,"showSkybox":true,"showFlares":true,"showImageEffects":true,"showParticleSystems":true},"in2DMode":false,"pivot":{"x":0.31064558029174807,"y":0.7315959930419922,"z":0.06199999153614044},"rotation":{"x":-0.0008204658515751362,"y":0.998954713344574,"z":-0.01990237459540367,"w":-0.04114280268549919},"size":2.8578836917877199,"orthographic":false}