{"cameraMode":{"drawMode":0,"name":"Shaded","section":"Shading Mode"},"sceneLighting":false,"audioPlay":false,"sceneViewState":{"showFog":true,"showMaterialUpdate":false,"showSkybox":true,"showFlares":true,"showImageEffects":true,"showParticleSystems":true},"in2DMode":false,"pivot":{"x":-39.191864013671878,"y":3.277188301086426,"z":17.3469181060791},"rotation":{"x":0.015176325105130673,"y":0.6097541451454163,"z":0.011680416762828827,"w":-0.7923592329025269},"size":41.21339416503906,"orthographic":false}