{"cameraMode":{"drawMode":0,"name":"Shaded","section":"Shading Mode"},"sceneLighting":true,"audioPlay":false,"sceneViewState":{"showFog":true,"showMaterialUpdate":false,"showSkybox":true,"showFlares":true,"showImageEffects":true,"showParticleSystems":true},"in2DMode":false,"pivot":{"x":-1.623523473739624,"y":0.8179100751876831,"z":0.6532652378082275},"rotation":{"x":0.11887235194444657,"y":-0.4685576260089874,"z":0.06379882246255875,"w":0.8730709552764893},"size":3.9452340602874758,"orthographic":false}