{"cameraMode":{"drawMode":0,"name":"Shaded","section":"Shading Mode"},"sceneLighting":true,"audioPlay":false,"sceneViewState":{"showFog":true,"showMaterialUpdate":false,"showSkybox":true,"showFlares":true,"showImageEffects":true,"showParticleSystems":true},"in2DMode":false,"pivot":{"x":0.29228705167770388,"y":0.6783463954925537,"z":0.21348825097084046},"rotation":{"x":-0.009046887047588826,"y":-0.7270541191101074,"z":-0.009579833596944809,"w":0.6864537596702576},"size":0.11908453702926636,"orthographic":false}