{"cameraMode":{"drawMode":0,"name":"Shaded","section":"Shading Mode"},"sceneLighting":false,"audioPlay":false,"sceneViewState":{"showFog":true,"showMaterialUpdate":false,"showSkybox":true,"showFlares":true,"showImageEffects":true,"showParticleSystems":true},"in2DMode":false,"pivot":{"x":0.0941307544708252,"y":0.3112431764602661,"z":25.191410064697267},"rotation":{"x":-0.07045683264732361,"y":-0.10639464110136032,"z":0.007559019140899181,"w":-0.9917958378791809},"size":11.082554817199707,"orthographic":false}