{"cameraMode":{"drawMode":0,"name":"Shaded","section":"Shading Mode"},"sceneLighting":true,"audioPlay":false,"sceneViewState":{"showFog":true,"showMaterialUpdate":false,"showSkybox":true,"showFlares":true,"showImageEffects":true,"showParticleSystems":true},"in2DMode":false,"pivot":{"x":0.8034948706626892,"y":2.7107315063476564,"z":-1.5277900695800782},"rotation":{"x":0.09018348157405853,"y":-0.008967953734099865,"z":0.0008121745777316392,"w":0.9958844780921936},"size":9.881998062133789,"orthographic":false}