{"cameraMode":{"drawMode":0,"name":"Shaded","section":"Shading Mode"},"sceneLighting":false,"audioPlay":false,"sceneViewState":{"showFog":true,"showMaterialUpdate":false,"showSkybox":true,"showFlares":true,"showImageEffects":true,"showParticleSystems":true},"in2DMode":false,"pivot":{"x":-17.530841827392579,"y":-2.3387317657470705,"z":89.07451629638672},"rotation":{"x":0.022728798910975457,"y":-0.1051315888762474,"z":0.0024027666077017786,"w":0.9941956996917725},"size":81.79727935791016,"orthographic":false}