{"cameraMode":{"drawMode":0,"name":"Shaded","section":"Shading Mode"},"sceneLighting":true,"audioPlay":false,"sceneViewState":{"showFog":true,"showMaterialUpdate":false,"showSkybox":true,"showFlares":true,"showImageEffects":true,"showParticleSystems":true},"in2DMode":false,"pivot":{"x":-14.80534553527832,"y":3.5777056217193605,"z":6.407846927642822},"rotation":{"x":-0.1546190232038498,"y":-0.7577875852584839,"z":0.19416281580924989,"w":-0.6034499406814575},"size":0.25929027795791628,"orthographic":false}