{"cameraMode":{"drawMode":0,"name":"Shaded","section":"Shading Mode"},"sceneLighting":false,"audioPlay":false,"sceneViewState":{"showFog":true,"showMaterialUpdate":false,"showSkybox":true,"showFlares":true,"showImageEffects":true,"showParticleSystems":true},"in2DMode":false,"pivot":{"x":58.96073532104492,"y":-9.17530345916748,"z":17.934019088745118},"rotation":{"x":-0.05826404318213463,"y":-0.7198131680488586,"z":0.06086686998605728,"w":-0.689035177230835},"size":61.60708236694336,"orthographic":false}