{"cameraMode":{"drawMode":0,"name":"Shaded","section":"Shading Mode"},"sceneLighting":false,"audioPlay":false,"sceneViewState":{"showFog":true,"showMaterialUpdate":false,"showSkybox":true,"showFlares":true,"showImageEffects":true,"showParticleSystems":true},"in2DMode":false,"pivot":{"x":-0.2541933059692383,"y":3.11759877204895,"z":9.828039169311524},"rotation":{"x":0.138289675116539,"y":-0.705366849899292,"z":-0.1433926820755005,"w":-0.6802736520767212},"size":2.4452342987060549,"orthographic":false}