{"cameraMode":{"drawMode":0,"name":"Shaded","section":"Shading Mode"},"sceneLighting":true,"audioPlay":false,"sceneViewState":{"showFog":true,"showMaterialUpdate":false,"showSkybox":true,"showFlares":true,"showImageEffects":true,"showParticleSystems":true},"in2DMode":false,"pivot":{"x":-42.2028923034668,"y":-5.102365970611572,"z":-39.954368591308597},"rotation":{"x":0.017044013366103174,"y":-0.9419453740119934,"z":0.04838022589683533,"w":0.33182471990585329},"size":70.59364318847656,"orthographic":false}