{"cameraMode":{"drawMode":0,"name":"Shaded","section":"Shading Mode"},"sceneLighting":true,"audioPlay":false,"sceneViewState":{"showFog":true,"showMaterialUpdate":false,"showSkybox":true,"showFlares":true,"showImageEffects":true,"showParticleSystems":true},"in2DMode":false,"pivot":{"x":15.967968940734864,"y":11.206665992736817,"z":-2.9376754760742189},"rotation":{"x":-0.10576997697353363,"y":0.8537665605545044,"z":0.19105499982833863,"w":0.47264519333839419},"size":23.39481544494629,"orthographic":false}