{"cameraMode":{"drawMode":0,"name":"Shaded","section":"Shading Mode"},"sceneLighting":false,"audioPlay":false,"sceneViewState":{"showFog":true,"showMaterialUpdate":false,"showSkybox":true,"showFlares":true,"showImageEffects":true,"showParticleSystems":true},"in2DMode":false,"pivot":{"x":-2.232246160507202,"y":1.1644477844238282,"z":14.54237174987793},"rotation":{"x":-0.06924019008874893,"y":-0.050066687166690829,"z":0.0034794881939888,"w":-0.996336817741394},"size":5.994433879852295,"orthographic":false}