{"cameraMode":{"drawMode":0,"name":"Shaded","section":"Shading Mode"},"sceneLighting":false,"audioPlay":false,"sceneViewState":{"showFog":true,"showMaterialUpdate":false,"showSkybox":true,"showFlares":true,"showImageEffects":true,"showParticleSystems":true},"in2DMode":false,"pivot":{"x":4.158604621887207,"y":-0.04877603054046631,"z":6.862022876739502},"rotation":{"x":-0.09214366227388382,"y":-0.6129757761955261,"z":0.07228542864322663,"w":-0.781373918056488},"size":5.994433879852295,"orthographic":false}