{"cameraMode":{"drawMode":0,"name":"Shaded","section":"Shading Mode"},"sceneLighting":false,"audioPlay":false,"sceneViewState":{"showFog":true,"showMaterialUpdate":false,"showSkybox":true,"showFlares":true,"showImageEffects":true,"showParticleSystems":true},"in2DMode":false,"pivot":{"x":13.340110778808594,"y":-37.29853820800781,"z":184.27737426757813},"rotation":{"x":-0.13036493957042695,"y":-0.048041846603155139,"z":0.006325430702418089,"w":-0.9902812838554382},"size":152.55897521972657,"orthographic":false}