{"cameraMode":{"drawMode":0,"name":"Shaded","section":"Shading Mode"},"sceneLighting":false,"audioPlay":false,"sceneViewState":{"showFog":true,"showMaterialUpdate":false,"showSkybox":true,"showFlares":true,"showImageEffects":true,"showParticleSystems":true},"in2DMode":false,"pivot":{"x":-0.8112642765045166,"y":1.471024513244629,"z":11.06934928894043},"rotation":{"x":0.07849021255970001,"y":-0.26226213574409487,"z":0.02140921540558338,"w":0.9615610241889954},"size":3.6452341079711916,"orthographic":false}