{"cameraMode":{"drawMode":0,"name":"Shaded","section":"Shading Mode"},"sceneLighting":true,"audioPlay":false,"sceneViewState":{"showFog":true,"showMaterialUpdate":false,"showSkybox":true,"showFlares":true,"showImageEffects":true,"showParticleSystems":true},"in2DMode":false,"pivot":{"x":-5.419957160949707,"y":2.0684738159179689,"z":3.5744447708129885},"rotation":{"x":0.07551349699497223,"y":0.5353269577026367,"z":0.04812996834516525,"w":-0.8398846983909607},"size":7.3531575202941898,"orthographic":false}