{"cameraMode":{"drawMode":0,"name":"Shaded","section":"Shading Mode"},"sceneLighting":false,"audioPlay":false,"sceneViewState":{"showFog":true,"showMaterialUpdate":false,"showSkybox":true,"showFlares":true,"showImageEffects":true,"showParticleSystems":true},"in2DMode":false,"pivot":{"x":-3.5134267807006838,"y":1.0832037925720215,"z":14.140161514282227},"rotation":{"x":0.044011104851961139,"y":-0.23986558616161347,"z":0.010885249823331833,"w":0.9697469472885132},"size":3.996626615524292,"orthographic":false}