{"cameraMode":{"drawMode":0,"name":"Shaded","section":"Shading Mode"},"sceneLighting":false,"audioPlay":false,"sceneViewState":{"showFog":true,"showMaterialUpdate":false,"showSkybox":true,"showFlares":true,"showImageEffects":true,"showParticleSystems":true},"in2DMode":false,"pivot":{"x":2.3278660774230959,"y":0.08731876313686371,"z":11.491701126098633},"rotation":{"x":0.0032094852067530157,"y":-0.6256903409957886,"z":-0.0025727269239723684,"w":-0.7800607681274414},"size":8.591718673706055,"orthographic":false}