{"cameraMode":{"drawMode":0,"name":"Shaded","section":"Shading Mode"},"sceneLighting":false,"audioPlay":false,"sceneViewState":{"showFog":true,"showMaterialUpdate":false,"showSkybox":true,"showFlares":true,"showImageEffects":true,"showParticleSystems":true},"in2DMode":false,"pivot":{"x":-3.522897481918335,"y":1.5402953624725342,"z":13.914633750915528},"rotation":{"x":0.1878998875617981,"y":0.5149337649345398,"z":0.11682867258787155,"w":-0.8281835913658142},"size":2.107614517211914,"orthographic":false}