{"cameraMode":{"drawMode":0,"name":"Shaded","section":"Shading Mode"},"sceneLighting":true,"audioPlay":false,"sceneViewState":{"showFog":true,"showMaterialUpdate":false,"showSkybox":true,"showFlares":true,"showImageEffects":true,"showParticleSystems":true},"in2DMode":false,"pivot":{"x":-0.8593036532402039,"y":3.1412439346313478,"z":-0.0852043628692627},"rotation":{"x":-0.0018192824209108949,"y":-0.1088322103023529,"z":0.00019860576139762998,"w":-0.9940584897994995},"size":3.816702127456665,"orthographic":false}