{"cameraMode":{"drawMode":0,"name":"Shaded","section":"Shading Mode"},"sceneLighting":false,"audioPlay":false,"sceneViewState":{"showFog":true,"showMaterialUpdate":false,"showSkybox":true,"showFlares":true,"showImageEffects":true,"showParticleSystems":true},"in2DMode":false,"pivot":{"x":-16.717166900634767,"y":-10.320603370666504,"z":-29.173969268798829},"rotation":{"x":-0.031253524124622348,"y":0.9669634103775024,"z":-0.14652390778064729,"w":-0.20624186098575593},"size":41.99323272705078,"orthographic":false}