{"cameraMode":{"drawMode":0,"name":"Shaded","section":"Shading Mode"},"sceneLighting":false,"audioPlay":false,"sceneViewState":{"showFog":true,"showMaterialUpdate":false,"showSkybox":true,"showFlares":true,"showImageEffects":true,"showParticleSystems":true},"in2DMode":false,"pivot":{"x":-13.796323776245118,"y":-1.0659018754959107,"z":0.3346512019634247},"rotation":{"x":-0.32839062809944155,"y":-0.6184035539627075,"z":0.3175898790359497,"w":-0.6394320130348206},"size":3.4613285064697267,"orthographic":false}