{"cameraMode":{"drawMode":0,"name":"Shaded","section":"Shading Mode"},"sceneLighting":false,"audioPlay":false,"sceneViewState":{"showFog":true,"showMaterialUpdate":false,"showSkybox":true,"showFlares":true,"showImageEffects":true,"showParticleSystems":true},"in2DMode":false,"pivot":{"x":-0.28931111097335818,"y":-1.1447203159332276,"z":25.047746658325197},"rotation":{"x":-0.08427295833826065,"y":-0.013835519552230835,"z":0.0011706145014613867,"w":-0.9963459968566895},"size":22.666088104248048,"orthographic":false}