{"cameraMode":{"drawMode":0,"name":"Shaded","section":"Shading Mode"},"sceneLighting":false,"audioPlay":false,"sceneViewState":{"showFog":true,"showMaterialUpdate":false,"showSkybox":true,"showFlares":true,"showImageEffects":true,"showParticleSystems":true},"in2DMode":false,"pivot":{"x":-1.8359999656677247,"y":-1.0754073858261109,"z":45.79141616821289},"rotation":{"x":0.012359905056655407,"y":-0.7999391555786133,"z":-0.016486303880810739,"w":-0.5997273325920105},"size":1.0648109912872315,"orthographic":false}