{"cameraMode":{"drawMode":0,"name":"Shaded","section":"Shading Mode"},"sceneLighting":false,"audioPlay":false,"sceneViewState":{"showFog":true,"showMaterialUpdate":false,"showSkybox":true,"showFlares":true,"showImageEffects":true,"showParticleSystems":true},"in2DMode":false,"pivot":{"x":-14.152750968933106,"y":-0.8319819569587708,"z":42.455177307128909},"rotation":{"x":-0.03270801156759262,"y":0.7157929539680481,"z":-0.0336020402610302,"w":-0.6967363357543945},"size":12.14055061340332,"orthographic":false}