{"cameraMode":{"drawMode":0,"name":"Shaded","section":"Shading Mode"},"sceneLighting":false,"audioPlay":false,"sceneViewState":{"showFog":true,"showMaterialUpdate":false,"showSkybox":true,"showFlares":true,"showImageEffects":true,"showParticleSystems":true},"in2DMode":false,"pivot":{"x":-6.0550384521484379,"y":-0.6818099021911621,"z":41.924560546875},"rotation":{"x":-0.012099162675440312,"y":-0.7263201475143433,"z":-0.012789559550583363,"w":0.6871311068534851},"size":3.4613287448883058,"orthographic":false}