{"cameraMode":{"drawMode":0,"name":"Shaded","section":"Shading Mode"},"sceneLighting":true,"audioPlay":false,"sceneViewState":{"showFog":true,"showMaterialUpdate":false,"showSkybox":true,"showFlares":true,"showImageEffects":true,"showParticleSystems":true},"in2DMode":false,"pivot":{"x":-2.4044103622436525,"y":-0.559640645980835,"z":5.728341102600098},"rotation":{"x":-0.14314718544483186,"y":0.09486066550016403,"z":-0.013785247690975666,"w":-0.9850484132766724},"size":7.439752101898193,"orthographic":false}