{"cameraMode":{"drawMode":0,"name":"Shaded","section":"Shading Mode"},"sceneLighting":true,"audioPlay":false,"sceneViewState":{"showFog":true,"showMaterialUpdate":false,"showSkybox":true,"showFlares":true,"showImageEffects":true,"showParticleSystems":true},"in2DMode":false,"pivot":{"x":0.023332685232162477,"y":0.7174879908561707,"z":0.15474700927734376},"rotation":{"x":-0.07543893903493881,"y":-0.9232761263847351,"z":0.29048722982406618,"w":-0.23976533114910127},"size":1.1739928722381592,"orthographic":false}