{"cameraMode":{"drawMode":0,"name":"Shaded","section":"Shading Mode"},"sceneLighting":false,"audioPlay":false,"sceneViewState":{"showFog":true,"showMaterialUpdate":false,"showSkybox":true,"showFlares":true,"showImageEffects":true,"showParticleSystems":true},"in2DMode":false,"pivot":{"x":-1.6400415897369385,"y":1.342527151107788,"z":1.029362678527832},"rotation":{"x":0.01677493005990982,"y":-0.7910952568054199,"z":0.021718928590416909,"w":0.6110771298408508},"size":2.4452342987060549,"orthographic":false}