{"cameraMode":{"drawMode":0,"name":"Shaded","section":"Shading Mode"},"sceneLighting":true,"audioPlay":false,"sceneViewState":{"showFog":true,"showMaterialUpdate":false,"showSkybox":true,"showFlares":true,"showImageEffects":true,"showParticleSystems":true},"in2DMode":false,"pivot":{"x":1.0981285572052003,"y":0.7325283885002136,"z":-0.949843168258667},"rotation":{"x":0.010264023207128048,"y":0.974600613117218,"z":-0.045667264610528949,"w":0.219004288315773},"size":3.8867452144622804,"orthographic":false}