{"cameraMode":{"drawMode":0,"name":"Shaded","section":"Shading Mode"},"sceneLighting":false,"audioPlay":false,"sceneViewState":{"showFog":true,"showMaterialUpdate":false,"showSkybox":true,"showFlares":true,"showImageEffects":true,"showParticleSystems":true},"in2DMode":false,"pivot":{"x":0.44644200801849368,"y":0.7543434500694275,"z":4.08631706237793},"rotation":{"x":0.07349789142608643,"y":-0.7876995801925659,"z":-0.09583636373281479,"w":-0.6041049361228943},"size":2.5866611003875734,"orthographic":false}