{"cameraMode":{"drawMode":0,"name":"Shaded","section":"Shading Mode"},"sceneLighting":false,"audioPlay":false,"sceneViewState":{"showFog":true,"showMaterialUpdate":false,"showSkybox":true,"showFlares":true,"showImageEffects":true,"showParticleSystems":true},"in2DMode":false,"pivot":{"x":-4.3804402351379398,"y":-0.9960024356842041,"z":3.836038589477539},"rotation":{"x":-0.007633870467543602,"y":-0.9904505014419556,"z":0.06137356907129288,"w":-0.12321851402521134},"size":8.97834587097168,"orthographic":false}