{"cameraMode":{"drawMode":0,"name":"Shaded","section":"Shading Mode"},"sceneLighting":false,"audioPlay":false,"sceneViewState":{"showFog":true,"showMaterialUpdate":false,"showSkybox":true,"showFlares":true,"showImageEffects":true,"showParticleSystems":true},"in2DMode":false,"pivot":{"x":86.4240951538086,"y":-8.29626178741455,"z":-121.95146942138672},"rotation":{"x":-0.007124250754714012,"y":-0.9610582590103149,"z":0.024889733642339708,"w":-0.27513062953948977},"size":194.29063415527345,"orthographic":false}