{"cameraMode":{"drawMode":0,"name":"Shaded","section":"Shading Mode"},"sceneLighting":false,"audioPlay":false,"sceneViewState":{"showFog":true,"showMaterialUpdate":false,"showSkybox":true,"showFlares":true,"showImageEffects":true,"showParticleSystems":true},"in2DMode":false,"pivot":{"x":-8.926977157592774,"y":3.199678897857666,"z":29.506723403930665},"rotation":{"x":0.030958842486143113,"y":0.3184153735637665,"z":0.010405384935438633,"w":-0.9473884701728821},"size":24.98912239074707,"orthographic":false}