{"cameraMode":{"drawMode":0,"name":"Shaded","section":"Shading Mode"},"sceneLighting":false,"audioPlay":false,"sceneViewState":{"showFog":true,"showMaterialUpdate":false,"showSkybox":true,"showFlares":true,"showImageEffects":true,"showParticleSystems":true},"in2DMode":false,"pivot":{"x":-2.1387054920196535,"y":1.4270589351654053,"z":40.724430084228519},"rotation":{"x":0.03969476744532585,"y":-0.5326402187347412,"z":0.025021618232131006,"w":0.8450400829315186},"size":3.4613285064697267,"orthographic":false}