{"cameraMode":{"drawMode":0,"name":"Shaded","section":"Shading Mode"},"sceneLighting":false,"audioPlay":false,"sceneViewState":{"showFog":true,"showMaterialUpdate":false,"showSkybox":true,"showFlares":true,"showImageEffects":true,"showParticleSystems":true},"in2DMode":false,"pivot":{"x":7.339740753173828,"y":1.763635516166687,"z":27.843547821044923},"rotation":{"x":-0.004083461128175259,"y":-0.546447217464447,"z":0.0026646554470062258,"w":-0.8374794125556946},"size":8.764233589172364,"orthographic":false}