{"cameraMode":{"drawMode":0,"name":"Shaded","section":"Shading Mode"},"sceneLighting":true,"audioPlay":false,"sceneViewState":{"showFog":true,"showMaterialUpdate":false,"showSkybox":true,"showFlares":true,"showImageEffects":true,"showParticleSystems":true},"in2DMode":false,"pivot":{"x":-0.025168001651763917,"y":0.7879999876022339,"z":0.10817999392747879},"rotation":{"x":-0.16006489098072053,"y":0.13602885603904725,"z":-0.02227834425866604,"w":-0.9774349331855774},"size":2.8866610527038576,"orthographic":false}