{"cameraMode":{"drawMode":0,"name":"Shaded","section":"Shading Mode"},"sceneLighting":true,"audioPlay":false,"sceneViewState":{"showFog":true,"showMaterialUpdate":false,"showSkybox":true,"showFlares":true,"showImageEffects":true,"showParticleSystems":true},"in2DMode":false,"pivot":{"x":-0.3775898814201355,"y":0.5455891489982605,"z":0.5329357981681824},"rotation":{"x":0.13093911111354829,"y":-0.46400171518325808,"z":0.06957046687602997,"w":0.873336911201477},"size":1.4739928245544434,"orthographic":false}